ArticyId	TermType	ConvTitle	Actor	En	Zh
0x0100000F00006E9B	Dialogue Text	WHIRLING F2 ORB / Communist Quest Initiation	Rhetoric	Despite all the thinking you've been doing, only 0.0001% of communism has been built. It's too great a task to undertake alone. You're going to have to *get organised*.	尽管你考虑了那么多，但也只建立起0.0001%的康米主义。你独自承担不了这个重大的任务。你必须*找到组织*。
0x0100000F00006EAF	Alternate1	WHIRLING F2 ORB / Communist Quest Initiation	You	I thought the shack was nice and cozy as-is.	我觉得棚屋现在这样已经很好很舒适了。
0x0100000F00006EAF	Dialogue Text	WHIRLING F2 ORB / Communist Quest Initiation	You	Does this mean I need to clean up my hostel room?	那我是不是得打扫一下我旅社的房间了？
0x0100000F00006EB4	Dialogue Text	WHIRLING F2 ORB / Communist Quest Initiation	You	Judging from the state of my ledger, I don't think that’s possible.	根据我账本的状况来看，那是不可能实现的。
0x0100000F00006EB9	Dialogue Text	WHIRLING F2 ORB / Communist Quest Initiation	You	I'm ready, let's get to it.	我准备好了，我们开始吧。
0x0100000F00006EC4	Dialogue Text	WHIRLING F2 ORB / Communist Quest Initiation	Rhetoric	Your level of personal upkeep is irrelevant. All that matters is your commitment to *building the World Republic*.	你个人的生活水平无关紧要。重要的是你对*建立世界共和国*的承诺。
0x0100000F00006ECC	Dialogue Text	WHIRLING F2 ORB / Communist Quest Initiation	Rhetoric	You must seek out your revolutionary brothers and sisters. Find out how much communism they've built. Then, together, maybe you'll be able to build as much as 0.0002% of communism.	你必须找出革命同胞。弄清楚他们为建立康米主义做了多少努力。然后你们团结一致，也许就能建立0.0002%的康米主义了。
0x0100000F00006ED4	Dialogue Text	WHIRLING F2 ORB / Communist Quest Initiation	Rhetoric	But it won't be *easy*. Decades of persecution by Coalition authorities have driven the remaining communists of Martinaise *underground*.	但这不是一件*容易*的事情。在联盟当局几十年来的迫害之下，马丁内斯剩余的那些康米主义者都转移到了*地下*。
0x0100000F00006EDB	Dialogue Text	WHIRLING F2 ORB / Communist Quest Initiation	Inland Empire	They live underground? These communists aren't men, they're *mole people*!	他们住在地下？那些康米主义者不是人，他们是*鼹鼠人*！
0x0100000F00006EEC	Dialogue Text	WHIRLING F2 ORB / Communist Quest Initiation	You	I don't know if I want to go searching for mole people.	我也不知道自己想不想去找那些鼹鼠人。
0x0100000F00006EF2	Dialogue Text	WHIRLING F2 ORB / Communist Quest Initiation	You	But *I'm* part of the Coalition authorities! Have I been persecuting communists this whole time?	可*我就是*联盟的一份子！难道我一直都在迫害康米主义者吗？
0x0100000F00006EF8	Dialogue Text	WHIRLING F2 ORB / Communist Quest Initiation	You	Will they help me fire up Mazov's Socialist Sausage Grinder?	他们能帮我烧掉马佐夫的工人主义香肠绞肉机吗？
0x0100000F00006EFE	Dialogue Text	WHIRLING F2 ORB / Communist Quest Initiation	You	How am I supposed to find them if they're hiding? (Proceed.)	如果他们藏起来了，那要怎么才能找到他们呢？（继续。）
0x0100000F00006F0C	Dialogue Text	WHIRLING F2 ORB / Communist Quest Initiation	Rhetoric	They're not 'mole people', they're your comrades in the *eternal class struggle*. It's your task to find and join them.	他们不是‘鼹鼠人’，而是你*永恒的阶级斗争*中的同志。你的任务就是找到他们，加入他们。
0x0100000F00006F11	Dialogue Text	WHIRLING F2 ORB / Communist Quest Initiation	Rhetoric	Possibly? If you have been, it's only because you're a *double-agent*, acting in furtherance of your *long-term objectives*.	也许吧？如果你迫害过，那只能说明你是个*双面间谍*，在为你的*长期目标*而奋斗。
0x0100000F00006F16	Dialogue Text	WHIRLING F2 ORB / Communist Quest Initiation	Rhetoric	Just between us, you may want to lay off this 'grind up the bourgeoisie' stuff. It's a bit off-putting, even to fellow communists.	这件事就我们俩说说吧。你或许怀着“碾碎资产阶级”的想法。但即便是对你的康米主义者同胞来说，这种想法都令人十分反感。
0x0100000F00006F1B	Dialogue Text	WHIRLING F2 ORB / Communist Quest Initiation	Rhetoric	Let your *nose* guide you, detective.	让你的*鼻子*指引你前行吧，警探。
0x0100000F00006F24	Dialogue Text	WHIRLING F2 ORB / Communist Quest Initiation	You	My *nose*?	我的*鼻子*？
0x0100000F00006F29	Dialogue Text	WHIRLING F2 ORB / Communist Quest Initiation	You	You must mean my *knows*, as in my huge and highly functioning brain.	你一定指的是我那优秀大脑中的*认知*吧。
0x0100000F00006F47	Dialogue Text	WHIRLING F2 ORB / Communist Quest Initiation	Rhetoric	Yes, fortunately communists are known to have a very *distinct* smell.	是的，好在康米主义者的气味很*独特*。
0x0100000F00006F4C	Dialogue Text	WHIRLING F2 ORB / Communist Quest Initiation	Rhetoric	No, we meant your nose, as in that swollen muck-detector in the centre of your face. It just happens to be *perfectly* calibrated for sensing communists.	不，我们指的是你的鼻子，就是你脸中央的那个隆起的垃圾探测器。它*刚好*就是为感知康米主义者的存在而量身定制的。
0x0100000F00006F59	Dialogue Text	WHIRLING F2 ORB / Communist Quest Initiation	Perception (Smell)	We really have no idea what they're talking about. There's no linkage between ideology and olfaction.	我们真不知道他们在说什么。意识形态和嗅觉之间并没有关联。
0x0100000F00006F69	Dialogue Text	WHIRLING F2 ORB / Communist Quest Initiation	You	What does communism smell like?	康米主义者闻起来是什么味道？
0x0100000F00006F6E	Dialogue Text	WHIRLING F2 ORB / Communist Quest Initiation	You	Okay, I'm ready. Let's get organised.	好了，我准备好了，我们去寻找组织吧。
0x0100000F00006F73	Dialogue Text	WHIRLING F2 ORB / Communist Quest Initiation	You	This sounds unfathomably stupid. I want no part of it.	听起来太蠢了，我可不想掺和。
0x0100000F00006F7E	Dialogue Text	WHIRLING F2 ORB / Communist Quest Initiation	Rhetoric	That's the spirit, comrade!	就是这股劲头，同志！
0x0100000F00006F85	Dialogue Text	WHIRLING F2 ORB / Communist Quest Initiation	Rhetoric	First, you'll have to locate the remaining communists in Martinaise. When you get near to someone with revolutionary potential your nose will give you the signal to *establish contact*.	首先，你得找到马丁内斯剩余的康米主义者。在具有革命潜力的人身边时，你的鼻子会给你发出信号，让你*建立交流*。
0x0100000F00006F8B	Dialogue Text	WHIRLING F2 ORB / Communist Quest Initiation	Rhetoric	Failure.	失败。
0x0100000F00006F91	Dialogue Text	WHIRLING F2 ORB / Communist Quest Initiation	Rhetoric	It's not *stupid*, it's the greatest endeavour in the history of human civilisation!	这不*蠢*，这是人类文明史上最伟大的事业。
0x0100000F00006F97	Dialogue Text	WHIRLING F2 ORB / Communist Quest Initiation	You	Well, if you say so. Guess I've got to get organised, then.	好吧，既然你这么说了。那我就去寻找组织吧。
0x0100000F00006F9D	Dialogue Text	WHIRLING F2 ORB / Communist Quest Initiation	You	No, going around sniffing communists is definitely stupid. Forget about it. [Refuse task.]	不，到处去闻康米主义者的味道实在太蠢了。算了吧。[拒绝任务。]
0x0100000F00006FA5	Dialogue Text	WHIRLING F2 ORB / Communist Quest Initiation	Rhetoric	Good luck explaining that to the Tribunal of Revolutionary Retribution.	祝你能好好和革命惩罚仲裁庭解释。
0x0100000F00006FB9	Dialogue Text	WHIRLING F2 ORB / Communist Quest Initiation	You	There's so much failure in my life already -- I don't know if I can take any more.	我的人生已经各种失败了——我不知道自己还能不能承受失败。
0x0100000F00006FBF	Dialogue Text	WHIRLING F2 ORB / Communist Quest Initiation	You	Okay, but what does *failure* smell like?	好吧，但是*失败*是什么味道？
0x0100000F00006FC7	Alternate1	WHIRLING F2 ORB / Communist Quest Initiation	Rhetoric	That's why you're perfect for the job. No one's got a better nose for failure than you, Harry.	所以你才是最适合这份工作的人。没人比你更懂得失败的味道，哈里。
0x0100000F00006FC7	Dialogue Text	WHIRLING F2 ORB / Communist Quest Initiation	Rhetoric	That's why you're perfect for the job. No one's got a better nose for failure than you, detective.	所以你才是最适合这份工作的人。没人比你更懂得失败的味道，警探。
0x0100000F00006FD5	Dialogue Text	WHIRLING F2 ORB / Communist Quest Initiation	Rhetoric	It's a smell you know all too well. Simultaneously repulsive and yet darkly appealing. Musty with a sharp tang, but also a remnant of lost sweetness. Like a rotting mango that's been swaddled in a coat from your grandfather's attic...	你非常熟悉这种气味。虽然令人厌恶，可又具有黑暗的吸引力。它发出刺鼻的腐臭味，但又带有一丝残余的迷失般的甘甜。那气息就像你祖父阁楼上，包裹在外套里的一个烂芒果……
0x0100000F00006FE0	Dialogue Text	WHIRLING F2 ORB / Communist Quest Initiation	Perception (Smell)	What you're smelling is your own body odour, of course. Nothing a shower and change of clothes couldn't fix.	你现在闻到的当然是你自己的体味了。去洗个澡，换套衣服就行了。
0x0100000F00006FE7	Dialogue Text	WHIRLING F2 ORB / Communist Quest Initiation	Rhetoric	People sometimes complain there are no real communists left in Martinaise, but you can smell their presence. They're out there, waiting for you to join them!	有时候人们会说，马丁内斯已经没有真正的康米主义者了，但是你还是能嗅到他们的存在。他们在等着你的加入！
0x0100000F00006FEF	Dialogue Text	WHIRLING F2 ORB / Communist Quest Initiation	Encyclopedia	Incidentally, during the waning days of the Antecentennial Revolution, a number of Revacholian communards constructed elaborate hideouts in abandoned root cellars, hollowed-out tree trunks, and even residential sewage tanks. This latter phenomenon gave rise to the early anti-communist slogan, 'The Future's Bright When You Flush Out the White!'	顺便一说，在世纪前大革命衰落时期，一群瑞瓦肖公社社员在废弃的地窖里、中空的树干里和居民区的污水池里精心建造出藏身之地。后面这种情况还激发出了早期的反康米主义口号：“消除康米，未来光明！”
0x0100000F00007003	Dialogue Text	WHIRLING F2 ORB / Communist Quest Initiation	Perception (Smell)	Again, no, it won't. Any olfactory response you perceive will be strictly psychosomatic.	再说一遍，不会的。你感受到的嗅觉回馈只是生理上的反应。
0x0100000F00007013	Dialogue Text	WHIRLING F2 ORB / Communist Quest Initiation	Logic	Judging from the bust of Kras Mazov and other revolutionary paraphernalia you discovered, it seems that the Capeside Apartments may be a hotbed of communist activity.	从卡拉斯·马佐夫半身像和你发现的其他革命用品看来，岬岸公寓可能是康米主义者的活动聚集地。
0x0100000F00007018	Dialogue Text	WHIRLING F2 ORB / Communist Quest Initiation	Logic	You could also just look for more tangible evidence of communist activity. Images of Kras Mazov and white antlers are usually a dead giveaway.	你也可以继续寻找更多康米主义者活动的证据。卡拉斯·马佐夫半身像和白色鹿角便是铁证。
0x0100000F00007021	Dialogue Text	WHIRLING F2 ORB / Communist Quest Initiation	Authority	You should begin by interrogating those lawless malcontents at the Dockworkers' Union. They're an obvious place to start.	你应该先去审讯一下码头工人工会那些无法无天的抗议者。显然应该从他们入手。
0x0100000F0000702D	Dialogue Text	WHIRLING F2 ORB / Communist Quest Initiation	You	Hang on, what will I do once I establish contact with my fellow communists?	等等，我和康米主义者同胞建立交流之后应该怎么做？
0x0100000F0000703A	Dialogue Text	WHIRLING F2 ORB / Communist Quest Initiation	You	(Roll up your sleeves.) Alright, let's get to it. [Accept task.]	（撸起袖子。）好吧，那就这么办。[接受任务。]
0x0100000F00007040	Dialogue Text	WHIRLING F2 ORB / Communist Quest Initiation	You	On second thought, I have better things to do. [Refuse task.]	仔细想想，我还有更重要的事情要做。[拒绝任务。]
0x0100000F00007048	Dialogue Text	WHIRLING F2 ORB / Communist Quest Initiation	Rhetoric	You'll discuss the monumental, world-historical task that lies before you. You'll engage in rigorous and spirited debates about Mazovian theory and practice. But mostly you'll probably complain about other communists.	你们可以讨论摆在你们面前的、足以载入史册的不朽重任。你们可以针对马佐夫主义的理论和实践进行严谨而激烈的辩论。但最有可能的是，你们会抱怨其他的康米主义者。
0x0100000F0000704F	Dialogue Text	WHIRLING F2 ORB / Communist Quest Initiation	You	Isn't that last part kind of counter-productive?	最后那个难道不会适得其反吗？
0x0100000F00007056	Dialogue Text	WHIRLING F2 ORB / Communist Quest Initiation	Rhetoric	Not at all. Complaining about other communists is one of the most important parts of being a communist.	并不会。抱怨其他康米主义者是作为康米主义者的重要一部分。
0x0100000F00007063	Dialogue Text	WHIRLING F2 ORB / Communist Quest Initiation	Rhetoric	Here we go! 'Wake, brave worker! 'Tis no time for bed/ Fight till there's no slaves below, and no masters o'erhead.'	我们行动吧！“醒来吧，勇敢的工人！已经无暇熟睡/战斗吧，直到再无主奴之分。”
0x0100005300001A5E	Dialogue Text	WHIRLING F2 ORB / Communist Quest Initiation	Rhetoric	The condition of your paperwork is irrelevant. All that matters is your commitment to *building the World Republic*.	你的文件无关紧要。重要的是你对建立*世界共和国*的承诺。
0x0100005300001A64	Dialogue Text	WHIRLING F2 ORB / Communist Quest Initiation	Endurance	Have you engaged the shit compressor? This task won't permit any looseness on your part, mentally or physically...	你用过那台压缩机了吗？要开展这个任务，你的身心都不能有任何松懈……
0x0100005300001A71	Dialogue Text	WHIRLING F2 ORB / Communist Quest Initiation	Endurance	Uh oh. Organisation hasn't exactly been your strong suit, historically speaking...	啊哦，就以往看来，组织并不是你的强项……
0x0100005300001A7F	Dialogue Text	WHIRLING F2 ORB / Communist Quest Initiation	You	Have you *seen* my shit recently? I've really gotten it together.	你最近*见过*我这堆破事了吗？我真的打理清楚了。
0x0100005300001A86	Dialogue Text	WHIRLING F2 ORB / Communist Quest Initiation	Rhetoric	It's good that your *personal* business is in order, but we're talking about political matters of world-historical import here.	你把*个人*事务打理得不错是件好事，但我们现在谈论的是可能载入史册的政治问题。
0x0100005300001A8F	Dialogue Text	WHIRLING F2 ORB / Communist Quest Initiation	Rhetoric	Regardless, what's past is past. You need to look forward, to the work of building communism for all.	反正过去的事情已经过去了。你得向前看，为建设康米主义而努力。
0x0100005300001A96	Dialogue Text	WHIRLING F2 ORB / Communist Quest Initiation	Logic	Listen to this. Do you really think you're the kind of person an underground communist cell would entrust with a mission that requires such discretion?	听听这话。你真的觉得地下的康米主义者会把一份需要谨慎行事的任务交给你来完成吗？
0x0100005300001AA3	Dialogue Text	WHIRLING F2 ORB / Communist Quest Initiation	You	Maybe?	也许吧？
0x0100005300001AA8	Dialogue Text	WHIRLING F2 ORB / Communist Quest Initiation	You	Hmm, probably not.	唔，也许不会。
0x0100005300006147	Dialogue Text	WHIRLING F2 ORB / Communist Quest Initiation	Rhetoric	Rise and shine, comrade. It's time to get to work.	快起来吧，同志。该工作了。
0x01000053000061B3	Dialogue Text	WHIRLING F2 ORB / Communist Quest Initiation	You	What's going on?	怎么了？
0x01000053000061F0	Dialogue Text	WHIRLING F2 ORB / Communist Quest Initiation	You	Not really my thing. [Discard thought.]	我不感兴趣。[放弃思维。]
0x010000450001FD39	Dialogue Text	WHIRLING F2 ORB / dialogue both shoes	Composure	There they both are -- two identical shoes, both *copiously* green and *indiscriminately* snake-skin. Reunited on your feet!	它们都在那里——两只一模一样的鞋，*绿油油*，还*毫无差别*都是蛇皮，重新回到了你的脚上！
0x010000450001FD40	Dialogue Text	WHIRLING F2 ORB / dialogue both shoes	You	How do they fit?	尺寸怎么样？
0x010000450001FD46	Dialogue Text	WHIRLING F2 ORB / dialogue both shoes	You	[Discard thought.]	[放弃思维。]
0x010000450001FD4D	Dialogue Text	WHIRLING F2 ORB / dialogue both shoes	Composure	Go ahead, just as long as you don't discard those crocodile babies.	来啊，只要你别丢掉那些鳄鱼皮宝贝就行。
0x010000450001FD55	Dialogue Text	WHIRLING F2 ORB / dialogue both shoes	Conceptualization	Like two baby crocodiles.	就像两只幼小的鳄鱼。
0x010000450001FD5F	Dialogue Text	WHIRLING F2 ORB / dialogue both shoes	Composure	Good. They're balanced. Comfy. Feels like the only good thing about you right now, truth be told.	很好。它们很平衡，很舒服。说实话，感觉这是你现在唯一的优点。
0x010000450001FD66	Dialogue Text	WHIRLING F2 ORB / dialogue both shoes	You	Wait, these do not look like normal cop shoes...	等等，看起来好像不是普通警察穿的鞋子……
0x010000450001FD6D	Dialogue Text	WHIRLING F2 ORB / dialogue both shoes	Composure	It's pretty clear a *normal cop* is not what you are.	有一点很明确，你绝对不是什么*普通警察*。
0x010000450001FD73	Dialogue Text	WHIRLING F2 ORB / dialogue both shoes	Electrochemistry	You may be what they call a *big dick cop*.	你可能是别人口中的那种*大条警察*。
0x0100000B00004024	Dialogue Text	WHIRLING F2 ORB / dialogue cigarette stub	Electrochemistry	You should pick that fat, juicy cigarette butt from the tray, light it up and smoke the living shit out of it!	你应该从烟灰缸里捡起那个肥美的烟头，点燃它，然后一口把里面的生气全部吸出来！
0x0100000B0000402B	Dialogue Text	WHIRLING F2 ORB / dialogue cigarette stub	You	Am I a smoker?	我抽烟的吗？
0x0100000B00004037	Dialogue Text	WHIRLING F2 ORB / dialogue cigarette stub	You	Nah. [Discard thought.]	不要。[放弃思维。]
0x0100000B00004040	Dialogue Text	WHIRLING F2 ORB / dialogue cigarette stub	Electrochemistry	Who knows what you are? A monster, a murderer, the Gnome of Geroma? You *feel* like a smoker, especially when you look at that juicy, succulent, seductive cigarette stub. Still smouldering deliciously...	谁知道你是谁？一个怪物，一个杀人犯，还是赫罗那的地精？你*觉得*自己是个烟民，特别是当你看着那个肥美多汁又充满诱惑力的烟头的时候。它还在缓慢燃烧着，吐露着芬芳……
0x0100000B00004047	Dialogue Text	WHIRLING F2 ORB / dialogue cigarette stub	You	But she broke it at the filter. I can't smoke that.	不过她把过滤嘴弄坏了。这我可没法抽。
0x0100000B0000404E	Dialogue Text	WHIRLING F2 ORB / dialogue cigarette stub	Electrochemistry	How very astute of you! This renders it ineffectual. You should look for a *whole* cigarette. Or better yet -- an entire pack! Strike that, a CARTON! Make sure they're all healthy and able-bodied, then smoke them all.	你还真是诡计多端啊！这样一来就没有效果了。你应该找一根*完好无损*的香烟。或者有一整包就更好了！刚才说的不算，应该是一整条！保证它们全都健健康康，身强体壮，然后全部抽掉。
0x0100000B0000405B	Dialogue Text	WHIRLING F2 ORB / dialogue cigarette stub	You	Yes, I should do that.	是啊，我应该这么做。
0x0100000B00004061	Dialogue Text	WHIRLING F2 ORB / dialogue cigarette stub	You	I should enthusiastically do that!	应该满腔热情的去做！
0x0100000B00004067	Dialogue Text	WHIRLING F2 ORB / dialogue cigarette stub	You	I should not *not* do that.	我应该没有*不做*的理由。
0x0100000B00004070	Dialogue Text	WHIRLING F2 ORB / dialogue cigarette stub	You	I'll make it Priority One.	我会优先考虑的。
0x0100000B0000407D	Dialogue Text	WHIRLING F2 ORB / dialogue cigarette stub	Volition	Or -- you could *not* do that. No one is making you.	或者——你可以*不要*这么做。没人逼你。
0x0100000B00004090	Dialogue Text	WHIRLING F2 ORB / dialogue cigarette stub	You	Well... I'll think about it.	好吧……我会考虑的。
0x0100000B0000409B	Dialogue Text	WHIRLING F2 ORB / dialogue cigarette stub	Electrochemistry	Good. They'll make you stronger and better. You're too old to be cool now, but find cigarettes, smoke them -- blam! Instantly a cool renegade man, a mystical red dragon with smoke rising from his nostrils!	很好。它们会让你变得更好更强。现在的你年老体衰，酷到上天应该很难了。不过如果找到香烟，然后抽上一口——立马原地爆炸！一步到位！秒变离经叛道的霸道总裁，秒变高深莫测的红龙，鼻孔里还能喷出炙热的烟雾！
0x0100000B000040A5	Dialogue Text	WHIRLING F2 ORB / dialogue cigarette stub	Electrochemistry	Good! *Thinking* about yummy cigarettes in your mouth is the next best thing. Make sure you think about juicy sticks of tobacco *all the time*, though. It doesn't count if it's not all the time.	很好！*想象*嘴里叼着美味的香烟在最棒的事情中排名第二。不过，记得要*时时刻刻*想着那些美味的香烟。如果不是时时刻刻，那就不算数了。
0x0100000B000040AC	Dialogue Text	WHIRLING F2 ORB / dialogue cigarette stub	Electrochemistry	And when you're done thinking about them, graduate to *getting* them.	然后当你想完之后，下一步就是要*弄到*它们。
0x0100002700000CB9	Dialogue Text	WHIRLING F2 ORB / dialogue cigarette stub	You	The what now?	什么？
0x0100002700000CC0	Dialogue Text	WHIRLING F2 ORB / dialogue cigarette stub	Electrochemistry	THE LIVING SHIT. Your mesolimbic reward pathway does not mince words. It wants smokes.	往死里抽。你的中脑缘奖励回路直言不讳。它想抽烟。
0x0100002700000CCB	Dialogue Text	WHIRLING F2 ORB / dialogue cigarette stub	Electrochemistry	Plus, smoking them gives *massive bonuses*.	再说，抽烟的确可以得到*大量的奖励*。
0x0100004C0001746B	Dialogue Text	WHIRLING F2 ORB / dialogue cigarette stub	Horrific Necktie	The idea seems to make your neck expand. Suddenly, the garish tie feels very snug.	这个想法似乎让你的脖子膨胀了。突然间，这条花哨的领带感觉非常舒适。
0x0100004C00017475	Dialogue Text	WHIRLING F2 ORB / dialogue cigarette stub	Conceptualization	Like a cat rubbing itself against its owner's calves. (A cat that wants you to smoke a lot.)	就像一只在主人腿上蹭来蹭去的小猫。（一只想你让你抽很多烟的小猫。）
0x0100002600000485	Dialogue Text	WHIRLING F2 ORB / dialogue pants	Perception (Sight)	It says "Whirling-in-Rags" on the aluminium keyring. There is a single key on the ring, the number #1 is etched on it. It should open the door.	铝制的钥匙圈上写着“褴褛飞旋”。钥匙圈上只有一把钥匙，上面刻着数字#1。用它应该能打开大门。
0x0100002700000719	Dialogue Text	WHIRLING F2 ORB / dialogue pants	Perception (Hearing)	You hear a jingle! Keys are clinking in the pocket of your flare-cut pants.	你听到叮叮当当的声音！钥匙在你的胯裆裤口袋里叮当作响。
0x0100002700000720	Dialogue Text	WHIRLING F2 ORB / dialogue pants	You	Fish them out.	把它们取出来。
0x010000270000073D	Dialogue Text	WHIRLING F2 ORB / dialogue pants	Encyclopedia	The "Whirling-in-Rags" is a hostel-cafeteria on the urban coast, frequented by dockworkers.	“褴褛飞旋”是城市海岸的一间旅社，码头工人是这里的常客。
0x0100005100001D9D	Dialogue Text	WHIRLING F2 ORB / Faschist Quest Initiation	Endurance	You were right, bröther. (There's a sudden tightness in your lower intestine.)	你说得对，哥们儿。（你的肠子突然感觉一阵紧绷。）
0x0100005100001DA2	Dialogue Text	WHIRLING F2 ORB / Faschist Quest Initiation	You	What? What's going on?	什么？怎么了？
0x0100005100001DA7	Dialogue Text	WHIRLING F2 ORB / Faschist Quest Initiation	Endurance	Back there, in your sleep. All the weak-willed delinquents, dilly-dalliers, foreign moneylenders, insane anarchists, and yes -- the wöömen -- they've run this place to ruin.	我是指你睡觉的时候说的那些话。那些意志薄弱的小流氓、怪家伙、外国债主、疯狂的无政府主义者还有那些女人们，把这个地方给毁了。
0x0100005100001DCA	Dialogue Text	WHIRLING F2 ORB / Faschist Quest Initiation	You	What's going on with my gut, did I not *eat* enough?	我的肠子怎么了？是我*吃*得太少了吗？
0x0100005100001DCF	Dialogue Text	WHIRLING F2 ORB / Faschist Quest Initiation	You	I *do* feel like everything's gone to shit...	我*真的*觉得一切都变得糟透了……
0x0100005100001DD4	Dialogue Text	WHIRLING F2 ORB / Faschist Quest Initiation	Endurance	No, bröther, forget about your gut, we've got much more pressing matters to focus on. It’s time to *turn back time*. (A solemn gurgle emanates from the depths of your stomach.)	不，兄弟，别管你的肠子了，我们还有更紧急的事情要做。该让*时间倒流*了。（你的胃部深处发出巨大的声响。）
0x0100005100001DD9	Dialogue Text	WHIRLING F2 ORB / Faschist Quest Initiation	Endurance	It has, bröther, but we are going to turn back time! (A solemn gurgle emanates from your stomach.)	是这样，兄弟，但是我们会让时间倒流的！（你的胃部深处发出巨大的声响。）
0x0100005100001DDE	Dialogue Text	WHIRLING F2 ORB / Faschist Quest Initiation	Endurance	I will send you back to the time when the sun had not yet vanished, when it was still setting into the sea. The time of the Suzerain, the time when love was still possible.	我会把你送回日落之前，太阳尚未从海平面上完全消失的时候。把你送回宗主国时期，爱情还可能存在的时候。
0x0100005100001DE8	Dialogue Text	WHIRLING F2 ORB / Faschist Quest Initiation	You	Even if it was possible, what would it accomplish?	就算可以实现，那又能怎么样？
0x0100005100001DED	Dialogue Text	WHIRLING F2 ORB / Faschist Quest Initiation	You	I'm not sure if I'm *feeling it*.	我不确定自己有没有*感觉到*。
0x0100005100001DF2	Dialogue Text	WHIRLING F2 ORB / Faschist Quest Initiation	You	Think of all the possibilities... I want this.	想想这会带来的无限可能……我决定就这样。
0x0100005100001DF7	Dialogue Text	WHIRLING F2 ORB / Faschist Quest Initiation	You	I like it just fine right here, right now. [Discard thought.]	我就喜欢现在这样，我就喜欢这里。[放弃思维。]
0x0100005100001DFC	Dialogue Text	WHIRLING F2 ORB / Faschist Quest Initiation	Endurance	But just imagine... to go back with the knowledge and the experience you now have and do it all over. Do it *richtig* this time?	可你想象一下……带着现在的认知和经验回去重新开始。把一切都*纠正过来*如何？
0x0100005100001E01	Dialogue Text	WHIRLING F2 ORB / Faschist Quest Initiation	Endurance	To go back with the knowledge and the experience you have now and do it all over? Do it *richtig* this time?	带着你现在的认知和经验回去重新开始呢？把一切都*纠正过来*如何？
0x0100005100001E06	Dialogue Text	WHIRLING F2 ORB / Faschist Quest Initiation	Endurance	Protect the Suzerainty, clean up the city, revive disco music, and get her back? You could save Revachol. You could be the *man*, bröther.	保护宗主国，清理这座城市，复兴迪斯科音乐，让她回心转意如何？你可以拯救瑞瓦肖。你可以成为那个*天选之子*，兄弟。
0x0100005100001E0B	Dialogue Text	WHIRLING F2 ORB / Faschist Quest Initiation	Inland Empire	Her?	她？
0x0100005100001E10	Dialogue Text	WHIRLING F2 ORB / Faschist Quest Initiation	You	Wait, get who back?	等等，让谁回心转意？
0x0100005100001E15	Dialogue Text	WHIRLING F2 ORB / Faschist Quest Initiation	Volition	No one, don't ask about her.	没有谁，别问她的事。
0x0100005100001E24	Dialogue Text	WHIRLING F2 ORB / Faschist Quest Initiation	You	Okay, how do we do this?	好吧，那我们要怎么做？
0x0100005100001E29	Dialogue Text	WHIRLING F2 ORB / Faschist Quest Initiation	You	Yeah... I think I'm gonna let this one slide.	好吧……我觉得还是算了吧。
0x0100005100001E34	Dialogue Text	WHIRLING F2 ORB / Faschist Quest Initiation	Volition	You fool!	你个傻子！
0x0100005100001E39	Dialogue Text	WHIRLING F2 ORB / Faschist Quest Initiation	Endurance	Second chances are not about questions, they are about actions. Are you ready to start taking action, bröther?	第二次机会不是用来提问，而是用来行动的。你准备好行动了吗，兄弟？
0x0100005100001E3E	Dialogue Text	WHIRLING F2 ORB / Faschist Quest Initiation	Volition	Ultramarathon here meant Revachol. Our streets and all that. It's all there is. Just move on and answer the question.	超级马拉松就是指瑞瓦肖。我们的大街小巷。就是这样。继续回答问题。
0x0100005100001E43	Dialogue Text	WHIRLING F2 ORB / Faschist Quest Initiation	Endurance	There must be others like you. Men, who long for the days when words like 'loyalty' and 'love' meant something.	像你这样终日渴望“忠诚”与“爱情”的人还有许多。
0x0100005100001E48	Dialogue Text	WHIRLING F2 ORB / Faschist Quest Initiation	Half Light	Love is shit, loyalty is meaningless.	爱情是狗屁，忠诚毫无意义。
0x0100005100001E4D	Dialogue Text	WHIRLING F2 ORB / Faschist Quest Initiation	Endurance	People whose yearning for the past is so great they barely live in the present. Those are the men you need to find. Those are the guys who'd know.	那些人对过去岁月的渴望如此强烈，甚至无法好好生活在当下。他们就是你要找的人，他们知道该怎么办。
0x0100005100001E5C	Dialogue Text	WHIRLING F2 ORB / Faschist Quest Initiation	Endurance	You want to give up on redemption? *Revanche?* On Revachol?! I had you for a kingsman, bröther.	你要放弃救赎吗？你要*复仇*？对瑞瓦肖复仇？！我还把你当作王下骑士呢，兄弟。
0x0100005100001E61	Dialogue Text	WHIRLING F2 ORB / Faschist Quest Initiation	Shivers	A chill runs down your spine when you hear the name of your light -- Revachol...	当你听到了生命之光的名字——瑞瓦肖，一阵寒意顺着脊背流向全身……
0x0100005100001E6B	Dialogue Text	WHIRLING F2 ORB / Faschist Quest Initiation	You	Well, if it's for Revachol... (Continue.)	好吧，如果是为了瑞瓦肖……（继续。）
0x0100005100001E70	Dialogue Text	WHIRLING F2 ORB / Faschist Quest Initiation	You	You had me wrong. [Opt out.]	你看错我了。[拒绝思想。]
0x0100005100001E7E	Dialogue Text	WHIRLING F2 ORB / Faschist Quest Initiation	You	Wait, one of them could easily be a woman.	等等，他们中很可能有女人。
0x0100005100001E84	Dialogue Text	WHIRLING F2 ORB / Faschist Quest Initiation	You	Wait, couldn't one of them be a girl?	等等，难道他们当中就不能有女孩吗？
0x0100005100001E8A	Dialogue Text	WHIRLING F2 ORB / Faschist Quest Initiation	You	So how do I find these men?	那我要怎么才能找到这些人？
0x0100005100001E90	Dialogue Text	WHIRLING F2 ORB / Faschist Quest Initiation	Endurance	Think. Maybe you've already met someone like that?	想想看，也许你已经遇到过这样的人了？
0x0100005100001E95	Dialogue Text	WHIRLING F2 ORB / Faschist Quest Initiation	Endurance	Don't be ridiculous. They are all men, trust me.	别逗了，他们都是男人，相信我。
0x0100005100001E9F	Dialogue Text	WHIRLING F2 ORB / Faschist Quest Initiation	You	No one misses the good old days like René.	没人比雷内更怀念过去的岁月了。
0x0100005100001EA5	Alternate1	WHIRLING F2 ORB / Faschist Quest Initiation	You	René really missed the good old days. Too bad he's dead. (Run your fingers over the medal on your chest.)	雷内真的非常怀念过去的岁月。只可惜他死了。（用手指摸了摸胸前的奖章。）
0x0100005100001EA5	Alternate2	WHIRLING F2 ORB / Faschist Quest Initiation	You	René really missed the good old days. Too bad he's dead. (Straighten your back in the uniform -- it demands it.) 	雷内真的非常怀念过去的岁月。只可惜他死了。（挺直穿着警服的腰板——这是必须的。）
0x0100005100001EA5	Alternate3	WHIRLING F2 ORB / Faschist Quest Initiation	You	René really missed the good old days. Too bad he's dead. (Glance at your jacket.)	雷内真的非常怀念过去的岁月。只可惜他死了。（瞥了一眼自己的夹克。）
0x0100005100001EA5	Alternate4	WHIRLING F2 ORB / Faschist Quest Initiation	You	René really missed the good old days. Too bad he's dead. (Mournfully slap the side of your striped thigh.)	雷内真的非常怀念过去的岁月。只可惜他死了。（悲伤地拍着你的大腿。）
0x0100005100001EA5	Dialogue Text	WHIRLING F2 ORB / Faschist Quest Initiation	You	René really missed the good old days. Too bad he's dead.	雷内真的非常怀念过去的岁月。只可惜他死了。
0x0100005100001EAB	Dialogue Text	WHIRLING F2 ORB / Faschist Quest Initiation	You	Gary would probably appreciate Old Revachol.	盖理可能会喜欢过去的瑞瓦肖。
0x0100005100001EB1	Dialogue Text	WHIRLING F2 ORB / Faschist Quest Initiation	You	The fat lorryman was giving off that longing vibe.	肥胖的货車司机对过去的岁月流露出渴望。
0x0100005100001EB7	Alternate1	WHIRLING F2 ORB / Faschist Quest Initiation	You	Measurehead seemed to long for the glory days of his Semenese ancestors...	测颅先生似乎很怀念他塞美尼祖先的那些光辉岁月……
0x0100005100001EB7	Dialogue Text	WHIRLING F2 ORB / Faschist Quest Initiation	You	I got a feeling Measurehead fits that description.	我觉得测颅先生符合你的描述。
0x0100005100001EBD	Dialogue Text	WHIRLING F2 ORB / Faschist Quest Initiation	You	That grey-haired lorry driver might know something.	那个灰色头发的货車司机或许知道些什么。
0x0100005100001EC3	Dialogue Text	WHIRLING F2 ORB / Faschist Quest Initiation	You	No one else comes to mind.	想不到其他人了。
0x0100005100001EC9	Dialogue Text	WHIRLING F2 ORB / Faschist Quest Initiation	You	No one comes to mind.	没想到什么人。
0x0100005100001ECF	Dialogue Text	WHIRLING F2 ORB / Faschist Quest Initiation	Endurance	Now we're making bank! A man with *guts* and a *memory*. I felt it too. He could be a treasure trove of wisdom. Who else?	那我们可赚到了！他可是一个拥有*胆量*和*回忆*的男人啊。我也感觉到了。他或许就是智慧的宝库。除了他还有谁？
0x0100005100001ED4	Dialogue Text	WHIRLING F2 ORB / Faschist Quest Initiation	Endurance	Yeah, that was a good one -- a treasure trove of wisdom -- but don't worry, there must be *others*.	是的，的确不错——一座智慧的宝库——但别着急，一定还有*其他人*。
0x0100005100001ED9	Dialogue Text	WHIRLING F2 ORB / Faschist Quest Initiation	Endurance	Oh yes. (Your lower intestine rumbles approvingly.) Gary is *exactly* the kind of guy we want. He knows something! Who else?	哦，对。（你的肚子发出赞同的隆隆声。）盖理*正好*是我们想要的那种人。他确实知道些东西！还有别人吗？
0x0100005100001EDE	Dialogue Text	WHIRLING F2 ORB / Faschist Quest Initiation	Endurance	Bullseye! (A reassuring rumble in your guts.) And *that's* the vibe we're looking for. *Those* are the people with answers.	一点没错！（你的肚子发出安心的隆隆声。）*那正是*我们在寻找的渴望。知道答案的人就是*他们*。
0x0100005100001EE3	Dialogue Text	WHIRLING F2 ORB / Faschist Quest Initiation	Endurance	Now *there* is man who values the past with passion. And you know how the saying goes: He who clings to the past, shapes the future.	现在*有*这么一个人带着激情来珍视过去。有句话说得好：执着于过去，方能塑造未来。
0x0100005100001EE8	Dialogue Text	WHIRLING F2 ORB / Faschist Quest Initiation	Endurance	No, not her. She's a woman. Anyone else?	不，她不行。她是个女人。还有别人吗？
0x0100005100001EFD	Dialogue Text	WHIRLING F2 ORB / Faschist Quest Initiation	Endurance	That's a good number of traditionalists. It's *ample*. Let's go see what they know.	传统主义者已经*够多*了。去看看他们都知道些什么吧。
0x0100005100001F03	Dialogue Text	WHIRLING F2 ORB / Faschist Quest Initiation	Endurance	Four is a good number of traditionalists. It's *plenty*. Let's go see what they know.	四个传统主义者已经*够多*了。去看看他们都知道些什么吧。
0x0100005100001F09	Dialogue Text	WHIRLING F2 ORB / Faschist Quest Initiation	Endurance	Okay, don't worry -- that's what your gut is for, *feeling* these things out. Let me be your eyes and when I know for sure someone's got that special *something*, I'll tip you off.	好了，别担心——这时候就该直觉上场了，*感受*这一切吧。我会成为你的眼睛，当我确定有谁知道某些特别的*事情*时，就会告诉你的。
0x0100005100001F19	Dialogue Text	WHIRLING F2 ORB / Faschist Quest Initiation	Logic	Three 'traditionalists' should be enough. No need to overdo it.	三个“传统主义者”应该够了。没必要太多。
0x0100005100001F25	Dialogue Text	WHIRLING F2 ORB / Faschist Quest Initiation	Logic	Three to four 'traditionalists' should do it. No need to go crazy with those guys.	三到四个“传统主义者”应该可以。没必要和那些家伙一起疯。
0x0100005100001F32	Dialogue Text	WHIRLING F2 ORB / Faschist Quest Initiation	You	You know, I think I'm just gonna let this one slide. [Opt out.]	我觉得还是算了吧。[拒绝思想。]
0x0100005100001F38	Dialogue Text	WHIRLING F2 ORB / Faschist Quest Initiation	You	Alright, I'm in. [Opt in.]	好，算我一个。[接受思想。]
0x0100005100001F40	Dialogue Text	WHIRLING F2 ORB / Faschist Quest Initiation	Endurance	History will remember us, and this time we don't have to worry about her being kind. *Praeterita redire*, kingsman. Charge for Revachol, charge for *love*!	历史将铭记我们，这一回，我们不必担心她对我们好不好。*回到过去*吧，王下骑士。冲吧，为了瑞瓦肖，为了*爱*！
0x0100005100001F46	Dialogue Text	WHIRLING F2 ORB / Faschist Quest Initiation	Endurance	Sure. Revachol will do just fine without you. Don't worry about her.	当然了，瑞瓦肖没有你也会好好的。别为她担心了。
0x0100005100001F5A	Dialogue Text	WHIRLING F2 ORB / Faschist Quest Initiation	You	I didn't actually say that.	我可没那么说。
0x0100005100001F60	Dialogue Text	WHIRLING F2 ORB / Faschist Quest Initiation	You	Those sons of bitches...	那些狗日的……
0x0100005100001F72	Dialogue Text	WHIRLING F2 ORB / Faschist Quest Initiation	Endurance	But you did. Not with words, but you *did*, bröther. (The tightness spreads to your gut.)	你有，虽然不是用语言表达，但是你这么*做*了，兄弟。（你的肚子感到一阵紧绷。）
0x0100005100001F79	Dialogue Text	WHIRLING F2 ORB / Faschist Quest Initiation	Endurance	The game was rigged from before you even knew how the pieces move, söldier. (The tightness spreads to your gut.)	你还不知道下哪步棋的时候，别人就已经将你的军了，士兵。（你的肚子感到一阵紧绷。）
0x0100005100001FF8	Dialogue Text	WHIRLING F2 ORB / Faschist Quest Initiation	Rhetoric	And by 'longing' you meant 'blatantly racist', right?	你说的“渴望”是指“公开的种族主义”吗？
0x010000510000200F	Dialogue Text	WHIRLING F2 ORB / Faschist Quest Initiation	Endurance	They're still all men, of course.	当然了，他们都是男人。
0x0100005100002034	Dialogue Text	WHIRLING F2 ORB / Faschist Quest Initiation	Rhetoric	That is *not* a saying. It makes no sense.	那*不是*一句话。根本毫无意义。
0x010000510000203B	Dialogue Text	WHIRLING F2 ORB / Faschist Quest Initiation	Endurance	Measurehead is *exactly* the kind of man who'd know how to step back into the past.	测颅先生*正是*那种可能知道如何回到过去的人。
0x01000037000000EE	Dialogue Text	WHIRLING F2 ORB / messy room after lely tape	Kim Kitsuragi	"Of course." He nods, then looks longingly toward the exit.	“当然。”他点点头，然后热切地看着出口。
0x01000037000000FE	Dialogue Text	WHIRLING F2 ORB / messy room after lely tape	You	"Well, crimes against myself anyway."	“其实，不过是我对自己犯下的罪。”
0x0100003700000105	Dialogue Text	WHIRLING F2 ORB / messy room after lely tape	Kim Kitsuragi	"I have no idea what that means." He looks toward the exit, longingly.	“我不知道是什么意思。”他热切地看着出口。
0x010000370000010E	Dialogue Text	WHIRLING F2 ORB / messy room after lely tape	You	"I defied bourgeoisie morality in here. Defied it *hard*."	“我在这里违抗了资产阶级的道德。而且非常*强硬*的。”
0x0100003700000115	Dialogue Text	WHIRLING F2 ORB / messy room after lely tape	You	"This is an expression of *me*. My individualism."	“这是一种*自我*表达。我的个人主义。”
0x0100006B0000405D	Dialogue Text	WHIRLING F2 ORB / messy room after lely tape	You	"You're looking at the destruction?"	“你在看灾难现场吗？”
0x0100006B0000406A	Dialogue Text	WHIRLING F2 ORB / messy room after lely tape	You	"I did it -- my way."	“我做的——用我的方式。”
0x0100006B00004076	Dialogue Text	WHIRLING F2 ORB / messy room after lely tape	You	"This is where *the magic* happens."	“这就是*魔法*的威力。”
0x0100006B00004081	Dialogue Text	WHIRLING F2 ORB / messy room after lely tape	Savoir Faire	The man is finding it hard not to trip on the tape -- and not to send any of the bottles rolling across the floor...	男人发现自己很难不被磁带绊倒——更不用说是不让瓶子在地板上滚来滚去……
0x0100006B00004087	Dialogue Text	WHIRLING F2 ORB / messy room after lely tape	Endurance	...where unidentifiable sludge makes it hard for him to breathe. Smells of vomit in here.	……一种难以辨别的泥状物让他难以呼吸。这里到处充斥着呕吐物的味道。
0x0100006B0000408D	Dialogue Text	WHIRLING F2 ORB / messy room after lely tape	Kim Kitsuragi	"It's not as bad as I thought. There are no elephant corpses. Should we go maybe?"	“看来这里没有我想象的那么糟。也没有发现大象的尸体。我们是不是可以离开了？”
0x0100006B00004093	Dialogue Text	WHIRLING F2 ORB / messy room after lely tape	Kim Kitsuragi	He takes a step toward the door. Like he'd like to leave.	他朝门边走了一步，像是很想离开。
0x0100006B0000409E	Dialogue Text	WHIRLING F2 ORB / messy room after lely tape	You	Say nothing. Nod stoically.	什么也不说。淡淡地点点头。
0x0100006B000040A4	Dialogue Text	WHIRLING F2 ORB / messy room after lely tape	Kim Kitsuragi	He nods.	他点点头。
0x0100006B000040AF	Dialogue Text	WHIRLING F2 ORB / messy room after lely tape	Kim Kitsuragi	"I can see that. The potted plant under the table is a Seraise Fern. They have those in South Safre too. All things considered..." He looks around, as if to check.	“我能看出来。桌子下面的盆栽是萨弗里羊齿。南萨弗里也有这种东西。总而言之……他环顾四周，像是在检查着什么。
0x0100006B000040B5	Dialogue Text	WHIRLING F2 ORB / messy room after lely tape	Kim Kitsuragi	"I can see that." He takes a step toward the door. It looks like he'd like to leave now. The atmosphere is oppressive.	“我能看出来。”他朝门边走了一步，好像现在就想离开。气氛突然变得沉重起来。
0x0100006B000040BB	Dialogue Text	WHIRLING F2 ORB / messy room after lely tape	You	"I'm sorry for... this."	“这个……我很抱歉。”
0x0100006B000040C1	Dialogue Text	WHIRLING F2 ORB / messy room after lely tape	Kim Kitsuragi	"I have no idea what that means." He looks toward the exit, longingly.	“我不知道那是什么意思。”他热切地看着出口。
0x0100006B000040C7	Dialogue Text	WHIRLING F2 ORB / messy room after lely tape	You	"No, I meant disco... never mind."	“不，我是说迪斯科……没事了。”
0x0100006B000040CD	Dialogue Text	WHIRLING F2 ORB / messy room after lely tape	Kim Kitsuragi	"I know what you meant." He looks toward the exit, longingly.	“我明白你的意思。”他热切地看着出口。
0x0100006B000040D3	Dialogue Text	WHIRLING F2 ORB / messy room after lely tape	You	"Got my own little Co Hoi here."	“这里是我自己的小科霍依。”
0x0100006B000040D9	Dialogue Text	WHIRLING F2 ORB / messy room after lely tape	Kim Kitsuragi	"Wonderful," he nods, then looks toward the exit, longingly.	“很好，”他点点头，随后热切地看着出口。
0x0100006B000040E4	Dialogue Text	WHIRLING F2 ORB / messy room after lely tape	Kim Kitsuragi	"No problem, officer." He takes a step toward the door. Like he'd like to leave.	“没问题，警官。”他朝门边走了一步，好像现在就想离开。
0x0100006B000040EE	Dialogue Text	WHIRLING F2 ORB / messy room after lely tape	Kim Kitsuragi	"And by that you mean crimes against humanity?"	“你的意思是说反人类罪吗？”
0x0100006B000040F4	Dialogue Text	WHIRLING F2 ORB / messy room after lely tape	You	"Yes."	“是的。”
0x0100006B000040FA	Dialogue Text	WHIRLING F2 ORB / messy room after lely tape	You	"Yes. Disco doorgunning villagers."	“是的。迪斯科枪杀村民。”
0x0100006B00004100	Dialogue Text	WHIRLING F2 ORB / messy room after lely tape	You	"No. I am something *much more*."	“不。我想表达的意思更*深入一些*。”
0x0100006B00004106	Dialogue Text	WHIRLING F2 ORB / messy room after lely tape	Kim Kitsuragi	"I can see that." He takes a step toward the door. "You're the RCM's own Soldier of the Apocalypse, aren't you?"	“我能看见。”他朝门边走了一步。“你是RCM的末日战士，对吧？”
0x0100006B00004137	Dialogue Text	WHIRLING F2 ORB / messy room after lely tape	Empathy	Kim also tries *not* to look at the pile of tape viscera on the carpet. Or the weird suitcase on the hat rack. Or the potted plant dying in the corner. But it's all just too morbid to ignore.	金努力试着*不要*去看地毯上那成堆的磁带，或者是角落里那个奄奄一息的盆栽。不过因为实在是太病态，很难让人忽视。
0x0100000F0000BC8E	Dialogue Text	WHIRLING F2 ORB / Moralist Quest Initiation	Empathy	Good, you're up. Listen, there's something that's been bothering you for a few days now.	很好，你醒了。听我说，有件事情已经困扰你好几天了。
0x0100000F0000BC95	Dialogue Text	WHIRLING F2 ORB / Moralist Quest Initiation	You	What is it?	什么事情？
0x0100000F0000BC9C	Dialogue Text	WHIRLING F2 ORB / Moralist Quest Initiation	Empathy	It's a suspicion, or a feeling, really, that things are not quite *in hand* around here...	那是一种猜疑，或者是一种感觉。事情进展得不是很*顺利*……
0x0100000F0000BCA2	Dialogue Text	WHIRLING F2 ORB / Moralist Quest Initiation	Logic	An earth-shattering deduction from your psyche. What will those guys come up with next?	你的心中进行了一场惊天动地的推论。他们接下来还会想出什么东西来？
0x0100000F0000BCAA	Dialogue Text	WHIRLING F2 ORB / Moralist Quest Initiation	Empathy	Every day things seem to spin more and more wildly out of control. The centre isn't holding. And despite your efforts to *moderate* and *contain* these energies, things only seem to be getting worse.	事情一天比一天失控。中心已经守不住了。虽然你努力去*缓和*并*牵制*这些能量，但是情况似乎越来越糟糕。
0x0100000F0000BCB6	Dialogue Text	WHIRLING F2 ORB / Moralist Quest Initiation	You	Let's get right to it: What needs to be done?	我们直奔主题吧：到底应该做什么？
0x0100000F0000BCBB	Dialogue Text	WHIRLING F2 ORB / Moralist Quest Initiation	You	Wait, I thought things were going pretty well?	等等，我还以为一切都进展得很顺利呢？
0x0100000F0000BCC3	Dialogue Text	WHIRLING F2 ORB / Moralist Quest Initiation	Empathy	Oh, sure. You've been making progress on your case, interviewing people, *solving side tasks*...	哦，是啊。你在调查案件、走访他人和*解决日常杂事*方面都进展顺利……
0x0100000F0000BCC8	Dialogue Text	WHIRLING F2 ORB / Moralist Quest Initiation	Empathy	But who's focusing on *the big questions*?	可谁来关心那些真正*重大的问题*呢？
0x0100000F0000BCD2	Dialogue Text	WHIRLING F2 ORB / Moralist Quest Initiation	Empathy	You've got to find out who bears *la responsabilité*.	你得找出那些承担*职责*的人。
0x0100000F0000BCE3	Dialogue Text	WHIRLING F2 ORB / Moralist Quest Initiation	You	I assumed the most qualified and highly credentialed people were taking care of that stuff.	我觉得那些最有资历、最有资格的人会处理这些事情。
0x0100000F0000BCE8	Dialogue Text	WHIRLING F2 ORB / Moralist Quest Initiation	You	This really doesn't sound like my job.	这种事情听起来不像是我的工作。
0x0100000F0000BCED	Dialogue Text	WHIRLING F2 ORB / Moralist Quest Initiation	You	What am I supposed to do?	我该怎么做？
0x0100000F0000BCF6	Dialogue Text	WHIRLING F2 ORB / Moralist Quest Initiation	Empathy	But have you ever seen them? How do you know they're even there? More importantly, how do you know they aren't waiting for *your participation*?	可你见过他们吗？你怎么知道他们还在呢？最重要的是，你怎么知道他们是不是在等*你加入*呢？
0x0100000F0000BCFB	Dialogue Text	WHIRLING F2 ORB / Moralist Quest Initiation	Empathy	Open your eyes. Stop getting distracted by details. It's time you started focussing on what really matters.	眼睛睁大些，不要因为一些小细节就分心。是时候把重心放在真正重要的事情上了。
0x0100000F0000BD13	Dialogue Text	WHIRLING F2 ORB / Moralist Quest Initiation	You	What exactly *is* la responsabilité?	职责究竟*是*什么？
0x0100000F0000BD18	Dialogue Text	WHIRLING F2 ORB / Moralist Quest Initiation	You	I thought I *was* assigning responsibility, for the murder?	我觉得我*有*调查谋杀案的职责？
0x0100000F0000BD1D	Dialogue Text	WHIRLING F2 ORB / Moralist Quest Initiation	You	Alright, give it to me. *I'll* accept responsibility. (Proceed.)	好，交给我吧。*我会*接受职责。（继续。）
0x0100000F0000BD28	Dialogue Text	WHIRLING F2 ORB / Moralist Quest Initiation	Empathy	The most awesome, terrible thing...	那是最可怕的事情……
0x0100000F0000BD2D	Dialogue Text	WHIRLING F2 ORB / Moralist Quest Initiation	Empathy	It is human nature to crave la responsabilité and to deny it. That's why it must be distributed across many different organisations, agencies, offices, and portfolios.	追求职责和拒绝职责是人类的天性。所以职责才会分散给各个不同的组织、机构、办公室和部门。
0x0100000F0000BD36	Dialogue Text	WHIRLING F2 ORB / Moralist Quest Initiation	Rhetoric	In other words, it must be diffused across the entire bureaucracy, so that no one can ever truly say *who is responsible for what*.	换句话说，职责遍布整个官僚机构，所以没有人真的能说出*什么人对什么事情负责*。
0x0100000F0000BD42	Dialogue Text	WHIRLING F2 ORB / Moralist Quest Initiation	Empathy	Harry, Harry. You're thinking about this too narrowly.	哈里，哈里。你的思想太狭隘了。
0x0100000F0000BD47	Dialogue Text	WHIRLING F2 ORB / Moralist Quest Initiation	Empathy	La responsabilité isn't concerned with trivial questions like *who killed who*. It's about the real issues: the human welfare index, the price of staple goods, the transition to real democracy...	职责与*谁杀了谁*这种琐碎的事情无关。它关乎的是真正的问题：人类的福祉、大宗商品价格和向真正民主的过渡……
0x0100000F0000BDD2	Dialogue Text	WHIRLING F2 ORB / Moralist Quest Initiation	Empathy	Whoa, whoa, *whoa*. This isn't some kind of *dictatorship*. You can't simply seize la responsabilité for yourself. It must be given by a legitimate authority...	哇，哇，*哇*。职责不是什么*专权*。你不能把职责都揽在自己身上。职责是由正统权威分配的……
0x0100000F0000BDD7	Dialogue Text	WHIRLING F2 ORB / Moralist Quest Initiation	Empathy	Like a committee.	比如委员会。
0x0100000F0000BDE6	Dialogue Text	WHIRLING F2 ORB / Moralist Quest Initiation	Authority	You don't need no stinkin' committee. You're the Law.	你根本不需要什么委员会，你就是法律。
0x0100000F0000BDF6	Dialogue Text	WHIRLING F2 ORB / Moralist Quest Initiation	You	But I'm the Law. Can't I just do it myself?	可我就是法律，这件事情我不能自己去做吗？
0x0100000F0000BDFB	Dialogue Text	WHIRLING F2 ORB / Moralist Quest Initiation	You	Do we really have time for all this?	我们真的有时间去做这些事吗？
0x0100000F0000BE00	Dialogue Text	WHIRLING F2 ORB / Moralist Quest Initiation	You	And who should sit on this committee?	谁会加入这个委员会呢？
0x0100000F0000BE05	Dialogue Text	WHIRLING F2 ORB / Moralist Quest Initiation	You	Sounds like too much responsibility for me. I don't want it.	感觉这样的责任对我来说太重了。我不想这样。
0x0100000F0000BE0F	Alternate1	WHIRLING F2 ORB / Moralist Quest Initiation	Empathy	Really, Harry. You know in your lungs that true authority flows from institutions, not individuals. That's the single principle that separates civilisation from barbarism.	真的，哈里。你内心深处其实知道，真正的权威来自于机构而非个人。这是划分文明与野蛮的唯一原则。
0x0100000F0000BE0F	Dialogue Text	WHIRLING F2 ORB / Moralist Quest Initiation	Empathy	Come on. You know in your lungs that true authority flows from institutions, not individuals. That's the single principle that separates civilisation from barbarism.	好了，你内心深处其实知道，真正的权威来自于机构而非个人。这是划分文明与野蛮的唯一原则。
0x0100000F0000BE15	Dialogue Text	WHIRLING F2 ORB / Moralist Quest Initiation	Authority	Technicalities.	技术。
0x0100000F0000BE1B	Dialogue Text	WHIRLING F2 ORB / Moralist Quest Initiation	Empathy	If you want your work to be *accepted*, you'll have to go through the appropriate process.	如果你想要自己做的事情被*认可*，就必须经历一段过程。
0x0100000F0000BE2A	Dialogue Text	WHIRLING F2 ORB / Moralist Quest Initiation	Empathy	There is always time to follow best practices. Once someone's decided to *cut corners* for the sake of expediency, who knows what else they're capable of?	你总有时间去遵循最佳实践。一旦有人为了一己私利而*抄捷径*，天知道那个人会做出什么别的事情？
0x0100000F0000BE31	Dialogue Text	WHIRLING F2 ORB / Moralist Quest Initiation	Electrochemistry	Fun stuff, that's what they're capable of.	有趣的地方就在于他们会做什么事。
0x0100000F0000BE40	Dialogue Text	WHIRLING F2 ORB / Moralist Quest Initiation	Empathy	Only the most even-keeled minds in Martinaise.	当然是马丁内斯那些思想上最为公允的人了。
0x0100000F0000BE4D	Dialogue Text	WHIRLING F2 ORB / Moralist Quest Initiation	Esprit de Corps	Your half-brother, the lieutenant, is a natural place to start.	你的好哥们，那个警督，就是一个很好的着手点。
0x0100000F0000BE52	Dialogue Text	WHIRLING F2 ORB / Moralist Quest Initiation	Esprit de Corps	The one you seem so set on driving away, the lieutenant, is a natural place to start.	被你赶走的那个警督就是一个很好的着手点。
0x0100000F0000BE5B	Dialogue Text	WHIRLING F2 ORB / Moralist Quest Initiation	Empathy	Together, you'll be able to discover who has la responsabilité in Revachol. And if necessary, you'll have the *wisdom and expertise* to assign it among yourselves.	和他一起，你就能找出瑞瓦肖有职责的人。如果有必要，你们还得运用*智慧和专业技术*。
0x0100000F0000BE69	Dialogue Text	WHIRLING F2 ORB / Moralist Quest Initiation	You	And what happens once we've assigned responsibility?	我们被赋予职责之后，会发生什么事情？
0x0100000F0000BE6E	Dialogue Text	WHIRLING F2 ORB / Moralist Quest Initiation	You	I'm prepared to take on this awesome burden. [Accept task.]	我已经准备好承受这个可怕的重担了。[接受任务。]
0x0100000F0000BE73	Dialogue Text	WHIRLING F2 ORB / Moralist Quest Initiation	You	You know what, this sounds like a drag. [Refuse task.]	跟你说吧，这些听起来就很无聊。[拒绝任务。]
0x0100000F0000BE7E	Dialogue Text	WHIRLING F2 ORB / Moralist Quest Initiation	Empathy	Most likely your findings will be collected in a report, which will be carefully reviewed by your superiors.	你的发现可能会整理成为一份报告，你的上级会仔细审阅这份报告。
0x0100000F0000BE84	Dialogue Text	WHIRLING F2 ORB / Moralist Quest Initiation	Empathy	Good luck. Your report is eagerly anticipated.	祝你好运，一帆风顺。你的报告备受期待。
0x0100000F0000BE8D	Dialogue Text	WHIRLING F2 ORB / Moralist Quest Initiation	Empathy	Once they've reviewed it, those same superiors will produce a set of recommendations to be taken up at the next meeting of the *standing committee*.	在你的上级审阅了报告后，他们便会提出一系列建议，并在下一次的*常务委员会*上提出来。
0x0100000F0000BE92	Dialogue Text	WHIRLING F2 ORB / Moralist Quest Initiation	Empathy	Rest assured, no matter what happens it will be done through the proper channels.	放心，无论发生什么事情，都会通过正当途径来处理。
0x0100000F0000BEA7	Dialogue Text	WHIRLING F2 ORB / Moralist Quest Initiation	Empathy	Don't run away from it now, Harry. You know it's the *right thing to do*.	别现在就逃避，哈里。你知道这是*应该做的事*。
0x0100000F0000BEAC	Dialogue Text	WHIRLING F2 ORB / Moralist Quest Initiation	Empathy	This is a grave abdication of la responsabilité. A note will be appended to your personnel file.	这是对职责的严重逃避。你的个人档案上会有记录的。
0x0100000F0000BEB1	Dialogue Text	WHIRLING F2 ORB / Moralist Quest Initiation	You	(Sigh.) You're right. Who's going to sit on this committee?	（叹气。）你说得对。谁会加入这个委员会呢？
0x0100000F0000BEB6	Dialogue Text	WHIRLING F2 ORB / Moralist Quest Initiation	You	No way. I've got too much on my plate as it is. [Opt out.]	不可能，我要做的事情太多了。[拒绝思想。]
0x010000530000310A	Dialogue Text	WHIRLING F2 ORB / Moralist Quest Initiation	Empathy	Please, you're thinking about this too narrowly.	拜托，你的思想太狭隘了。
0x01000053000036B8	Dialogue Text	WHIRLING F2 ORB / Moralist Quest Initiation	Half Light	MASS EXECUTIONS.	大规模处刑。
0x01000053000036BE	Dialogue Text	WHIRLING F2 ORB / Moralist Quest Initiation	Savoir Faire	A little self-dealing?	有一点假公济私？
0x01000053000036C4	Dialogue Text	WHIRLING F2 ORB / Moralist Quest Initiation	Volition	Swift, decisive action.	迅速而果断的行动。
0x01000053000061E7	Dialogue Text	WHIRLING F2 ORB / Moralist Quest Initiation	You	Not my problem. [Discard thought.]	那不是我的事。[放弃思维。]
0x0100005A00012321	Dialogue Text	WHIRLING F2 ORB / speed hangover	Electrochemistry	Good going, buddy.	好样的，伙计。
0x0100005A00012335	Dialogue Text	WHIRLING F2 ORB / speed hangover	You	What the hell is going on with me?	我这到底是怎么了？
0x0100005A0001234A	Dialogue Text	WHIRLING F2 ORB / speed hangover	Electrochemistry	You mean why are you so tired? Too tired and *down* to even think? It *is* worrying, isn't it. You can't be a detective like this -- detectives need to be able to think.	你是指为什么这么累吗？又累又*低落*到甚至无法思考？那*的确*很令人担忧，是不是。你不能在这种状态下当警探——警探需要能够思考。
0x0100005A00012358	Dialogue Text	WHIRLING F2 ORB / speed hangover	You	Why is this happening?	为什么会发生这种事？
0x0100005A0001235F	Dialogue Text	WHIRLING F2 ORB / speed hangover	You	No, that's not it. *Really* I feel super-good.	不，不是这样的。*说真的*，我感觉好的不能再好了。
0x0100005A00012376	Dialogue Text	WHIRLING F2 ORB / speed hangover	Electrochemistry	It's just that your heart has finally pumped all the *speed* out of your system, buster. Time to get some more.	只是你的心脏总算把所有*思必得*都排出体外了，伙计。是时候再弄点回来了。
0x0100005A0001237F	Dialogue Text	WHIRLING F2 ORB / speed hangover	Volition	Don't do that. Stay strong. The hangover will wear off. You don't need to keep doing this to yourself.	别这么做。坚强一点。宿醉很快就会消退的。你没必要一直这样做的。
0x0100005A00012386	Dialogue Text	WHIRLING F2 ORB / speed hangover	You	Wait. What *is*... speed?	等等。思必得……那*是*什么？
0x0100005A00012394	Dialogue Text	WHIRLING F2 ORB / speed hangover	You	No. I can take this. I am not going to go looking for speed.	不，我可以的。我不会去找什么思必得。
0x0100005A0001239B	Dialogue Text	WHIRLING F2 ORB / speed hangover	Electrochemistry	Are you sure? Ready to live as this pathetic shell of yourself for days?  Basically a week? Let's be honest -- two weeks, maybe three? You won't make it. Half the town will be dead by then. You will be fired.	你确定？准备好几天就蜗居在这样可悲的躯壳里？大概一个星期左右？老实说——应该是两个星期，也许三个星期？你撑不下去的。那时候镇子里一半的人都死掉了。你会被炒鱿鱼的。
0x0100005A000123A2	Dialogue Text	WHIRLING F2 ORB / speed hangover	You	Who am I kidding? Of course I want some speed. (Opt in.)	瞧我，开什么玩笑呢？我当然要思必得了。（接受思想。）
0x0100005A000123A9	Dialogue Text	WHIRLING F2 ORB / speed hangover	You	That's a lie. I can do this without the speed. Half the town won't be dead... (Opt out.)	撒谎。没有思必得我也可以。镇子上一半的人不会死的……（拒绝思想。）
0x0100005A000123B0	Dialogue Text	WHIRLING F2 ORB / speed hangover	Electrochemistry	Suit yourself, slow, sad shell-man. See how you do without your spark.	随你便了，你这个慢吞吞的，缩在壳子里的人。倒要看看没了活力，你还能做什么。
0x0100005A000123B7	Dialogue Text	WHIRLING F2 ORB / speed hangover	Electrochemistry	Fast recovery, man! Quick turnaround.  Superdetective back in action.	快速恢复啊，伙计！快速好转啊，兄弟！超级警探又回来了。
0x0100005A000123E3	Dialogue Text	WHIRLING F2 ORB / speed hangover	Electrochemistry	Speed is a potent central nervous system stimulant. It kept you propped up all day yesterday despite your debilitating hangover. How else did you think you even got up from this floor?	思必得是强效中枢神经系统刺激物。虽然宿醉让人虚弱无力，但它还是让你妥妥地撑过了昨天一整天。要不你以为自己是怎么能从这层楼爬起来的？
0x0100005A000123EA	Dialogue Text	WHIRLING F2 ORB / speed hangover	Electrochemistry	It's power, man. It's professionalism. It makes you feel like you're young again and ready to *detect*! Ready to go to war against the world!	它是力量，兄弟。是专业精神。它能让你感到重回青春，随时随地都能*查案*！准备向整个世界宣战！
0x0100005A000123FC	Dialogue Text	WHIRLING F2 ORB / speed hangover	You	I think Cuno might have speed. I should ask him and start blasting again. (Opt in.)	我觉得坤诺可能有思必得。我应该找他问问，然后又能精力爆棚了。（接受思想。）
0x0100007200003C03	Dialogue Text	WHIRLING F2 ORB / speed hangover	You	Oh my god, what the hell was that...	我的天，那到底是什么鬼玩意……
0x0100007200003C09	Dialogue Text	WHIRLING F2 ORB / speed hangover	You	I just had the most beautiful dream. Uplifting. Rejuvenating.	我刚刚做了个最美妙的梦。激动人心。振聋发聩。
0x0100007200003C0F	Dialogue Text	WHIRLING F2 ORB / speed hangover	You	Is that how it's going to be now when I close my eyes?	现在只要我闭上眼睛，就会变成这样吗？
0x0100007200003C17	Dialogue Text	WHIRLING F2 ORB / speed hangover	Electrochemistry	Oh, just a dream. You have ones like that all the time. You feel even worse this morning than you did last night.	啊，只是做梦而已。你一直都会这样。你今早醒来的时候感觉比昨晚还要糟糕。
0x0100007200003C1E	Dialogue Text	WHIRLING F2 ORB / speed hangover	Electrochemistry	Really? Because you feel even worse this morning than you did last night.	真的吗？因为你今早醒来的时候感觉比昨晚还要糟糕。
0x0100007200003C24	Dialogue Text	WHIRLING F2 ORB / speed hangover	Electrochemistry	Yes. Wait till you see the one with the chick in it, it's gonna be a good one. You feel even worse this morning than you did last night.	是的。等你看到里面有小妞的再说，那个肯定很不错。你今早醒来的时候感觉比昨晚还要糟糕。
0x0100007200003C2D	Dialogue Text	WHIRLING F2 ORB / speed hangover	You	What chick?	什么小妞？
0x0100007200003C33	Dialogue Text	WHIRLING F2 ORB / speed hangover	Electrochemistry	You don't know? Some broad that messed you up. It'll come to you. It always does.	你不知道？就是那些会让你变得乱七八糟的女人。它会来的，它总是会来。
0x0100008200008AE3	Dialogue Text	WHIRLING F2 ORB / speed hangover	Electrochemistry	That's not really true. Your heart has finally pumped all the *speed* out of your system, buster. Time to get some more.	那不是真的。只是你的心脏总算把所有*思必得*都排出体外了，伙计。是时候再弄点回来了。
0x0100008200008AFF	Dialogue Text	WHIRLING F2 ORB / speed hangover	Volition	You got up from this floor because of a holy vow you made sixteen years ago. With *me*. To wake up exactly 07:30 every morning until the day you die.	你在这层楼醒过来，是因为你16年前许下的一个神圣誓言。跟*我*一起许下的誓言。每天早上7点30分准时醒过来，直到你死的那天。
0x0100008200008B06	Dialogue Text	WHIRLING F2 ORB / speed hangover	Electrochemistry	Don't be silly. There was no vow. You were high on speed. That was the only reason you got up. You can't *detect* without it, it's that simple.	别傻了。根本没什么誓言。你嗑*思必得*嗑嗨了。这是你醒过来的唯一原因。要是没了它，你根本不能*查案*，就是这么简单。
0x0100008200008B1C	Dialogue Text	WHIRLING F2 ORB / speed hangover	Volition	You're too weak to say 'no' now. Waking up is the worst part. Maybe somewhere down the line you could decline...	现在的你虚弱的连说*不*的力气都没有。醒过来是最糟糕的部分。也许未来的某个时候，你可以拒绝……
0x0100008200008B25	Dialogue Text	WHIRLING F2 ORB / speed hangover	You	I need to get more of it then. *Detecting* is my life. (Opt in.)	我需要再多弄一点。*查案*就是我的生活。（接受思想。）
0x0100008200008B2C	Dialogue Text	WHIRLING F2 ORB / speed hangover	Electrochemistry	Of course! Martinaise is speed-central. You just gotta poke around, follow your nose.	当然了！马丁内斯流行的主要就是*思必得*。你只要到处闲晃就行，相信自己的鼻子。
0x0100008200008B33	Dialogue Text	WHIRLING F2 ORB / speed hangover	Electrochemistry	You and speed will be happy again. You will make her come home. This time it will be different.	你和*思必得*又能愉快地在一起了。你会让她回家的。这次一切都会不同。
0x0100000F0001158D	Dialogue Text	WHIRLING F2 ORB / Ultraliberal Quest Initiation	Savoir Faire	Hey, money-mouth. Eendracht. The impeccable hustler-provider of the seventh generation. It's showtime with Savvy!	嘿，见钱眼开，恩德拉赫。完美的第七代皮条客。该靠鬼鬼来表演了！
0x0100000F00011594	Dialogue Text	WHIRLING F2 ORB / Ultraliberal Quest Initiation	You	Are we finally going to solve the lynching?	我们终于可以去调查私刑了？
0x0100000F00011599	Dialogue Text	WHIRLING F2 ORB / Ultraliberal Quest Initiation	You	Do I know you?	我认识你吗？
0x0100000F000115A6	Dialogue Text	WHIRLING F2 ORB / Ultraliberal Quest Initiation	You	Eendracht? The hustler-provider? The *seventh* generation?!	恩德拉赫？皮条客？第*七*代？！
0x0100000F000115AB	Dialogue Text	WHIRLING F2 ORB / Ultraliberal Quest Initiation	You	Not today, thanks. [Discard thought.]	今天就算了，谢谢。[放弃思维。]
0x0100000F000115B7	Dialogue Text	WHIRLING F2 ORB / Ultraliberal Quest Initiation	You	Oh, so now it's Savvy? What's up, buddy?	哦，又在说鬼鬼了？怎么了兄弟？
0x0100000F000115BE	Dialogue Text	WHIRLING F2 ORB / Ultraliberal Quest Initiation	Savoir Faire	What's up? I'm worried about what's *down*, broke boy. I'm talking about your severe lack of money.	怎么了？我担心的是你这个身无分文的家伙*接下来*会怎样。我说的是你现在非常缺钱。
0x0100000F000115C4	Dialogue Text	WHIRLING F2 ORB / Ultraliberal Quest Initiation	Savoir Faire	You will. I'm here to make your life better. They call me the Man-About-Town. Gilded Heart-Throb. Master of Money.	你会的。我来这儿就是为了让你的生活变得更好。人们都称我为纨绔子弟、钻石王老五和金钱之主。
0x0100000F000115C9	Dialogue Text	WHIRLING F2 ORB / Ultraliberal Quest Initiation	Savoir Faire	What? No, screw that shit-show. You're at the centre of this one. Come on down, contestant, you're about to make some *money*.	什么？不，去他的吧。你才是一切的中心。来吧，选手，你马上就要赚大*钱*了。
0x0100000F000115D3	Dialogue Text	WHIRLING F2 ORB / Ultraliberal Quest Initiation	Savoir Faire	Yeah, swindle-father. Papa-preneur. Look, this is serious. No time for distractions. It's time to make *money*. Lots of it.	是的，欺诈之父和契约之父。行了，这是一件严肃的事情。没时间分心了。该去赚*钱*了，赚很多很多的钱。
0x0100000F000115EF	Dialogue Text	WHIRLING F2 ORB / Ultraliberal Quest Initiation	You	Money?!	钱？！
0x0100000F000115F4	Dialogue Text	WHIRLING F2 ORB / Ultraliberal Quest Initiation	You	I know all about money.	我对钱很了解。
0x0100000F000115FD	Dialogue Text	WHIRLING F2 ORB / Ultraliberal Quest Initiation	Savoir Faire	That's right! It's time to stop muttering about your 'economic self-interest' and actually do something about it. Yeah, I heard you back there. What the hell was that?!	没错！别再去抱怨什么“经济利益”了，来点实际行动吧。是的，我听到你在那边说话了，到底是什么情况？！
0x0100000F00011602	Dialogue Text	WHIRLING F2 ORB / Ultraliberal Quest Initiation	Savoir Faire	No, you don't! You just keep muttering about your 'economic self-interest' and not doing anything about it. Yeah, I heard you back there. What the hell was that?!	不，你不了解！你一直不停抱怨你的“经济利益”，可什么事情也不做。是的，我听到你在那边说话了，到底是什么情况？！
0x0100000F00011612	Dialogue Text	WHIRLING F2 ORB / Ultraliberal Quest Initiation	You	Superstar talk. Don't try to keep up with me and my vast dreams.	那是巨星之间的交谈。别指望你能理解我和我伟大的梦想。
0x0100000F00011617	Dialogue Text	WHIRLING F2 ORB / Ultraliberal Quest Initiation	You	What do you expect? I'm an ultraliberal. I speak ultraliberal-ese.	你想要什么呢？我是个极端自由主义者。我说的是极端自由主义话术。
0x0100000F0001161C	Dialogue Text	WHIRLING F2 ORB / Ultraliberal Quest Initiation	You	I'm just tired of being a low-net-worth-individual. It must be *the curse*.	我不想再当低净值人士了。这肯定是*诅咒*。
0x0100000F00011621	Dialogue Text	WHIRLING F2 ORB / Ultraliberal Quest Initiation	You	You said before that playing the market could get me *rich*.	你之前说过投机能让我*富有*。
0x0100000F0001162E	Dialogue Text	WHIRLING F2 ORB / Ultraliberal Quest Initiation	Savoir Faire	Superstar talk? Good one, hustler, gotta keep the dream alive. But it's not really showing up in your net worth yet, is it? And it's what -- day two, three, four?	巨星之间的交谈？很好啊，实干家，继续你的梦想吧。可你的净值里还没有这一项吧？所以呢，这是第二天，第三天，还是第四天了？
0x0100000F00011634	Dialogue Text	WHIRLING F2 ORB / Ultraliberal Quest Initiation	Savoir Faire	Good, good, gotta spread the gospel. But talk alone doesn't bring in the cash. It's time for step two.	很好，很好，得去传播福音了。光是说话可赚不了钱。该进行第二步了。
0x0100000F00011639	Dialogue Text	WHIRLING F2 ORB / Ultraliberal Quest Initiation	Savoir Faire	Did Ilona Wihuri-Vilakone blame ghosts? How about Admiral Gustav Lestock? Samir Loisir grew up in the coal mines of Gurdi eating dirt, and he still managed to make FIFTY-FIVE BILLION REÁL in his lifetime. So stop with the excuses.	伊洛纳·维胡里-维拉康会把责任归咎于鬼神吗？海军上将古斯塔夫·雷斯托克呢？还有萨米尔·罗伊萨，他是吃着土在戈迪的煤矿里长大的，可他一生却赚了550亿雷亚尔。所以你别再找借口了。
0x0100000F00011640	Dialogue Text	WHIRLING F2 ORB / Ultraliberal Quest Initiation	Savoir Faire	Oh, it can. But first you need to *enter* the market. Right now you're as good as Samir Loisir eating dirt in Gurdi's immense network of mines.	哦，可以的。但首先得*找到*机会。你现在就跟当时正在戈迪的煤矿里吃土的萨米尔·罗伊萨一样。
0x0100000F00011656	Dialogue Text	WHIRLING F2 ORB / Ultraliberal Quest Initiation	Logic	It's day four if we're counting days since the *event*.	如果我们从*事件*发生的那天开始算，今天已经是第四天了。
0x0100000F0001165D	Dialogue Text	WHIRLING F2 ORB / Ultraliberal Quest Initiation	Savoir Faire	Listen, if you really want to make it in the big leagues, you need to *re-conceptualize* your entire portfolio. Collecting tare and moaning about taxes is not going to cut it.	听我说，如果你真的想一展身手，你得*重新定义*整个投资组合。捡破烂和抱怨税收太高是解决不了问题的。
0x0100000F00011665	Dialogue Text	WHIRLING F2 ORB / Ultraliberal Quest Initiation	Logic	Fifty-five billion reál is a gross overestimation and we're pretty sure eating dirt is going to send any kid to a hospital, even Samir Loisir.	550亿雷亚尔的估值太高，而且我们也知道小孩吃土是会被送去医院的，就算是萨米尔·罗伊萨也不例外。
0x0100000F0001166B	Dialogue Text	WHIRLING F2 ORB / Ultraliberal Quest Initiation	Encyclopedia	Samir Loisir was a Gurdi businessman who made his first millions selling kilograms of the ultra-rare mineral phasium to luxury jeweller Zachaël et Cie. He made the rest of his many millions through wise investments and the invention of pleochroic lights.	萨米尔·罗伊萨是一名戈迪的商人，他把大量超稀有的钾矿卖给了奢侈品珠宝商扎查伊尔从而赚得了第一桶金。另外那几百万是通过精准投资和发明彩灯赚来的。
0x0100000F00011680	Dialogue Text	WHIRLING F2 ORB / Ultraliberal Quest Initiation	You	Does this giant check that Evrart gave me help?	艾弗拉特给我的这张巨额支票有用吗？
0x0100000F00011685	Dialogue Text	WHIRLING F2 ORB / Ultraliberal Quest Initiation	You	Mañana flicked me a coin.	马列拉给了我一枚硬币。
0x0100000F0001168A	Dialogue Text	WHIRLING F2 ORB / Ultraliberal Quest Initiation	You	I assume begging rich ladies on boats is not the correct answer.	我觉得去船上找富婆施舍肯定是不行的。
0x0100000F0001168F	Dialogue Text	WHIRLING F2 ORB / Ultraliberal Quest Initiation	You	I could sell Kim's motorcar, like I sold his spinners?	我可以把金的汽車给卖了，就像卖掉他的轮圈那样？
0x0100000F00011694	Dialogue Text	WHIRLING F2 ORB / Ultraliberal Quest Initiation	You	I could pitch another project to this Mega Rich Light-Bending Guy in the container?	我可以把另外的项目推给在集装箱里的那个能扭曲光线的超级富豪？
0x0100000F00011699	Alternate1	WHIRLING F2 ORB / Ultraliberal Quest Initiation	You	Really, no ideas? Why aren't *you guys* helping me out?	真的没办法吗？为什么*你们*不帮帮我？
0x0100000F00011699	Dialogue Text	WHIRLING F2 ORB / Ultraliberal Quest Initiation	You	Really, that's it? That's all I have to say? Why aren't *you guys* helping me out?	真的就这样了？我就只能这么说了？为什么*你们*不帮帮我？
0x0100000F0001169E	Dialogue Text	WHIRLING F2 ORB / Ultraliberal Quest Initiation	You	Alright, I give up -- I have no idea how to make millions.	好吧，我放弃——我不知道要怎么挣几百万。
0x0100000F000116B1	Dialogue Text	WHIRLING F2 ORB / Ultraliberal Quest Initiation	Savoir Faire	Not unless you have thousands of them stuffed away in secret.	除非你有成千上万张藏起来的支票。
0x0100000F000116B6	Dialogue Text	WHIRLING F2 ORB / Ultraliberal Quest Initiation	Savoir Faire	*One* coin. The first of many. Imagine so many coins you're going to need to hire someone to help you manage all your wealth.	*一枚*硬币。也是第一笔钱了。想象一下，你要雇人帮你打理财富得需要多少枚硬币。
0x0100000F000116BB	Dialogue Text	WHIRLING F2 ORB / Ultraliberal Quest Initiation	Savoir Faire	It should be the other way around. Old mitred money showing up at your doorstep, begging for a slice of cake.	本来应该是完全相反。老乞丐应该出现在你家门口，乞求你赏他一块蛋糕。
0x0100000F000116C0	Dialogue Text	WHIRLING F2 ORB / Ultraliberal Quest Initiation	Savoir Faire	And then what? Join the ranks of blue-collar criminals?	然后呢？加入蓝领罪犯们的行列吗？
0x0100000F000116C5	Dialogue Text	WHIRLING F2 ORB / Ultraliberal Quest Initiation	Savoir Faire	We're getting somewhere. But what project? And what's the ROI?	我们现在已经有进展了。你说的是什么项目？投资回报又如何？
0x0100000F000116CA	Dialogue Text	WHIRLING F2 ORB / Ultraliberal Quest Initiation	Savoir Faire	Those guys? They're all financially illiterate. Only Savvy here knows how to *dazzle* and *embezzle* money out of investors' pockets with the acrobatic prowess of a four-time gold medallist in the Samaran Gymnastic Summer Games.	就他们那些家伙？他们对金融知识一窍不通。只有鬼鬼才知道如何像萨马拉夏季运动会的四届金牌得主一般，用高超技能去*迷惑*和*侵吞*投资者荷包里的钱。
0x0100000F000116CF	Dialogue Text	WHIRLING F2 ORB / Ultraliberal Quest Initiation	Savoir Faire	Of course you don't. You've never even been *close* to a sum with more than three zeros. Let's face it, you've been on a years-long losing streak...	你当然没办法了。因为你从来没*接触过*超过三个零以上的钱。面对现实吧，你这些年一直都是个失败者……
0x0100000F000116E8	Dialogue Text	WHIRLING F2 ORB / Ultraliberal Quest Initiation	Encyclopedia	The ancient Samaran tribes used carved rhodochrosite to represent their wealth. The bigger the boulder, the more money they had. In case you needed to know.	如果你想知道的话，我顺便一提。古代的萨马拉部落用雕刻过的菱锰矿来代表财富。石头越大，财富越多。
0x0100000F000116EF	Dialogue Text	WHIRLING F2 ORB / Ultraliberal Quest Initiation	Empathy	Money is only one form of capital, *human relations* are another. You're focusing on the wrong things.	金钱只是资本的一种表现形式，而另一种则是*人际关系*。你的关注点错了。
0x0100000F000116F5	Dialogue Text	WHIRLING F2 ORB / Ultraliberal Quest Initiation	Endurance	You could force a coin *inside* you? Any hole will do. Not many more definitive tests of a man's mettle than the fortune yawn.	你能把一枚硬币*塞进*你的身体里吗？任何洞都行。没有什么比财富更考验一个人的勇气了。
0x0100000F00011704	Dialogue Text	WHIRLING F2 ORB / Ultraliberal Quest Initiation	Savoir Faire	But Savvy's got your back. Savvy's going to book you a charter flight with eighty birds of prey on board, to a land where the streets are paved with krugerrands and fixed-income securities. You'll try again, but this time with *money*. You'll win her back.	但是鬼鬼会支持你的。鬼鬼会给你预定一架载有80只猛禽的包机，飞到一个大街上铺满了克鲁格金币和固定收益证券的地方。你可以带着*钱*再试一次。你会把她赢回来的。
0x0100000F0001170B	Dialogue Text	WHIRLING F2 ORB / Ultraliberal Quest Initiation	Savoir Faire	Are you in?	你有兴趣吗？
0x0100000F00011718	Dialogue Text	WHIRLING F2 ORB / Ultraliberal Quest Initiation	You	Wait, win *whom* back?	等等，把*谁*赢回来？
0x0100000F0001171D	Dialogue Text	WHIRLING F2 ORB / Ultraliberal Quest Initiation	You	I've hustled, I've *grinded*. Show me the millions. (Opt in.)	我已经努力过了，我已经*受尽折磨*。让我瞧瞧几百万吧。（接受思想。）
0x0100000F00011722	Dialogue Text	WHIRLING F2 ORB / Ultraliberal Quest Initiation	You	Something about this doesn't sit right...	这个有些不大对劲……
0x0100000F0001172D	Dialogue Text	WHIRLING F2 ORB / Ultraliberal Quest Initiation	Savoir Faire	The spirit of ultraliberalism. Your charm, your spin, your winning hand.	极端自由主义精神。你的魅力，你的主心骨，你的制胜法宝。
0x0100000F00011734	Dialogue Text	WHIRLING F2 ORB / Ultraliberal Quest Initiation	Savoir Faire	Attaboy, welcome to the final grind! Here we operate with money on a *much* higher level than the ordinary citizen, we feed it back into the machine. Stop saving, start spending -- become a *patron*...	好样的，欢迎来到最后的磨难！在这里，我们可以运作的金钱普通公民要多*得多*。我们把钱都投到机器上面。别省钱了，开始挥霍吧——成为一名*赞助人*……
0x0100000F00011739	Dialogue Text	WHIRLING F2 ORB / Ultraliberal Quest Initiation	Savoir Faire	Stop grumbling, it's time to move. Are you in or are you out?	别抱怨了，该行动了。你到底参不参与？
0x0100000F00011744	Dialogue Text	WHIRLING F2 ORB / Ultraliberal Quest Initiation	Savoir Faire	Let's start by getting you into the lucrative art market to diversify your assets and increase your ROI. Speaking of which, know any artists?	我们从赚钱的艺术方面着手，让你的资产多样化，提升你的投资回报。说起来，你认识什么艺术家吗？
0x0100000F0001174B	Dialogue Text	WHIRLING F2 ORB / Ultraliberal Quest Initiation	You	Actually I'm good on the money front. [Opt out.]	我其实对金钱很了解。[拒绝思想。]
0x0100000F00011752	Dialogue Text	WHIRLING F2 ORB / Ultraliberal Quest Initiation	Savoir Faire	Suit yourself and your middle-class ways -- Savvy doesn't need you, Savvy's got his own *entourage*.	过你自己的中产阶级生活吧——鬼鬼不需要你，鬼鬼自有*拥护者*。
0x0100000F0001175A	Dialogue Text	WHIRLING F2 ORB / Ultraliberal Quest Initiation	Suggestion	Perfect, all you have to do is *pretend* to have taste. This will be your weapon when swindling artists for their overpriced 'work'.	很好，你要做的就是*假装*自己很有品位。这将成为把那些艺术家们的高溢价“艺术品”骗到手的武器。
0x0100000F00011761	Dialogue Text	WHIRLING F2 ORB / Ultraliberal Quest Initiation	Conceptualization	Interesting. Are we speaking of visual art or something more *conceptual*?	有意思。我们现在讨论的是视觉艺术还是更具*概念性*的东西？
0x0100000F0001176A	Dialogue Text	WHIRLING F2 ORB / Ultraliberal Quest Initiation	Shivers	Somewhere in La Delta, numbers flip and whirl on the giant split-flap boards of the stock exchange, marking gains the size of Kemi SR's entire economy. Radiocomputers hum below to the tune of gambling.	在德尔塔的某处，证券交易所巨大指示板上的数字不停地翻转着，产生的盈利相当于凯米SR的整个经济体量。下面的无线电电脑发出赌博的声音。指示板下的无线电脑发出了博弈的嗡嗡声。
0x0100000F0001177B	Dialogue Text	WHIRLING F2 ORB / Ultraliberal Quest Initiation	You	Hold on, I thought we'd be getting into the stock market?	等等，我还以为我们要去证券市场呢？
0x0100000F00011780	Dialogue Text	WHIRLING F2 ORB / Ultraliberal Quest Initiation	You	Wait, so we're looking for a painting?	等等，我们是要寻找一幅画吗？
0x0100000F00011785	Dialogue Text	WHIRLING F2 ORB / Ultraliberal Quest Initiation	You	Good thing I've been preparing for this with my Actual Art Degree.	太好了，我早就为此拿到了正经的艺术学位。
0x0100000F0001178A	Dialogue Text	WHIRLING F2 ORB / Ultraliberal Quest Initiation	You	Artists, artists... I'm an artist myself.	艺术家，艺术家……我自己就是个艺术家。
0x0100000F0001178F	Dialogue Text	WHIRLING F2 ORB / Ultraliberal Quest Initiation	You	Cindy seems the type.	辛迪似乎就是那种人。
0x0100000F00011794	Dialogue Text	WHIRLING F2 ORB / Ultraliberal Quest Initiation	You	What about the speedfreaks' anodic dance music?	狂飙怪人的阳极舞曲算吗？
0x0100000F00011799	Dialogue Text	WHIRLING F2 ORB / Ultraliberal Quest Initiation	You	Cuno? Cuno is an artist.	坤诺呢？坤诺就是个艺术家。
0x0100000F0001179E	Dialogue Text	WHIRLING F2 ORB / Ultraliberal Quest Initiation	You	No one comes to mind.	没想到什么人。
0x0100000F000117B5	Dialogue Text	WHIRLING F2 ORB / Ultraliberal Quest Initiation	Savoir Faire	Do you see any stock markets in Martinaise? No? That's because for those living in the outskirts, the market is *nothing*. Just ghost numbers flicking through time. A spectral sport they're not invited to play.	你在马丁内斯见到过证券市场吗？没有吧？因为对那些生活在郊区的人来说，市场*毫无用处*。那只不过是一些随时间变化的幽灵般的数字，和一种没有邀请他们参与的幽灵般的运动。
0x0100000F000117BA	Dialogue Text	WHIRLING F2 ORB / Ultraliberal Quest Initiation	Savoir Faire	Stop thinking of it that way. It's not a 'painting', it's a 'highly collectible and irreproducible asset'. So, know any local artists with assets to sell?	别这么想。不是去找一幅“画”，而是去找“高收藏价值、不可复现的资产”。你知道有哪个当地艺术家要卖作品的吗？
0x0100000F000117BF	Dialogue Text	WHIRLING F2 ORB / Ultraliberal Quest Initiation	Savoir Faire	Don't be silly, the art market isn't about art, it's about gate-keeping, speculative bidding, and showboating.	别傻了。艺术市场和艺术并没有关系，有关系的是把关、投机竞标和吹嘘炫耀。
0x0100000F000117C4	Dialogue Text	WHIRLING F2 ORB / Ultraliberal Quest Initiation	Savoir Faire	Once we've brought in the millions you can be a tree log for all I care, but first we've got to work on increasing your net worth.	等我们赚到了几百万，你想当一棵树都与我无关。但首先，我们得想办法增加你的净资产。
0x0100000F000117C9	Dialogue Text	WHIRLING F2 ORB / Ultraliberal Quest Initiation	Savoir Faire	You're right. She has the poise of a struggling artist. Very *tangible*. You can *feel* the poverty on her. Plus, she has paint.	你说得对。她有那种努力奋斗的艺术家姿态。非常*明显*。你可以*感受*到她的贫穷。而且她也有画作。
0x0100000F000117CE	Dialogue Text	WHIRLING F2 ORB / Ultraliberal Quest Initiation	Savoir Faire	Music is a pet project, not a viable business scheme. Let's return to it once you've set up your estate.	音乐是拿手项目，不是能实现的商业计划。等你有自己的地产以后再说。
0x0100000F000117D3	Dialogue Text	WHIRLING F2 ORB / Ultraliberal Quest Initiation	Savoir Faire	He's also twelve. We don't want to attract the attention of tax collectors by dabbling in unnecessary child-labour.	他才十二岁。我们没必要因为使用童工引起收税员的注意。
0x0100000F000117D8	Dialogue Text	WHIRLING F2 ORB / Ultraliberal Quest Initiation	Savoir Faire	By all accounts this place should be *swarming* with artist-types. It's just a matter of time until you meet one. Look for squats and cheap rentals, we might even chance upon a *political artivist* here.	大家都说这儿*到处都是*艺术家。遇到他们只是时间问题。找个地方蹲蹲，或者找间廉价出租公寓，没准甚至还能遇到*政治艺术家*。
0x0100000F000117FA	Dialogue Text	WHIRLING F2 ORB / Ultraliberal Quest Initiation	Savoir Faire	Go and support them like the state never could. Everyone must know that you're a big fucking shark around here!	去支持他们吧，这些事情政府永远都做不到。让所有人都知道，你是这儿的老大！
0x0100000F00011801	Dialogue Text	WHIRLING F2 ORB / Ultraliberal Quest Initiation	Savoir Faire	Go and support her like the state never could. Everyone must know that you're a big fucking shark around here!	去支持她吧，这些事情政府永远都做不到。让所有人都知道，你是这儿的老大！
0x0100000F00011810	Dialogue Text	WHIRLING F2 ORB / Ultraliberal Quest Initiation	Conceptualization	What is this, the turn of the century? The world's moved beyond paintings. You want something *experimental* -- intramuscular puppetry, hyperrealistic vapour-porn, meditation opera...	什么啊，上世纪末的东西吗？这个世界早就不需要什么画作了。你需要的是*实验性*的东西——肌肉型木偶、超现实蒸汽色情和冥想歌剧之类的……
0x0100000F0001181F	Dialogue Text	WHIRLING F2 ORB / Ultraliberal Quest Initiation	Savoir Faire	Don't listen to this fool. It's not about the artists, it's about the *buyers*. You can't hang 'vapour-porn' in the foyer of your chalet.	别听这个傻子胡说。这和艺术家无关，而是关乎*买家*。你总不能在你小屋的大厅里挂“蒸汽色情”的东西吧。
0x0100000F0001346C	Dialogue Text	WHIRLING F2 ORB / Ultraliberal Quest Initiation	Savoir Faire	Brilliant, catastrophes are *prime time* for money-makers. But you're not really reaping any benefits yet, are you? No shorting, no shameless speculation...	非常好，对会挣钱的人来说，灾难可是*黄金时间*。可你还没获得任何好处吧？没有做空，没有投机倒把……
0x0100000F00013473	Dialogue Text	WHIRLING F2 ORB / Ultraliberal Quest Initiation	Savoir Faire	Exactly. Not making money when you're asleep, are you? If you wanna be rich you better work until your fingers bleed. You can sleep when you die.	当然了。睡着的时候肯定没法赚钱，是吧？要想富起来，那就得工作到双手都流血。死后自会长眠。
0x0100000F0001347A	Dialogue Text	WHIRLING F2 ORB / Ultraliberal Quest Initiation	Savoir Faire	No, don't you ever be sorry. You think the Salzneben Report's Top 500 has 'sorry' in their vocabulary? Think again. That's a loser's mindset.	不，不要说抱歉。你觉得《萨勒本报告》500强的字典里有“抱歉”这个词吗？好好想想吧。这是失败者的心态。
0x0100000F00013484	Dialogue Text	WHIRLING F2 ORB / Ultraliberal Quest Initiation	Authority	Take heed of these wise words. *You're* in charge. 'Sorry' is a beggar's plea reserved for those beneath you.	请留意这些睿智的词。是*你*说了算。“抱歉”是那些地位底下之人的乞求用语。
0x0100000F0001348C	Dialogue Text	WHIRLING F2 ORB / Ultraliberal Quest Initiation	Endurance	(Your pecs dance.) No more sleep it is. A frazzled ride through eternity without pause. Hissing pistons pushed to the extreme.	（你的胸肌跳起舞蹈。）无法入眠了。这是一场身心俱疲的无尽之旅。嘶嘶作响的活塞已经被推至极限。
0x0100000F00013495	Dialogue Text	WHIRLING F2 ORB / Ultraliberal Quest Initiation	Half Light	Just take my money and leave me alone!	钱拿好，滚远点！
0x0100000F00013E1B	Dialogue Text	WHIRLING F2 ORB / Ultraliberal Quest Initiation	You	Alright, then. Show me the millions. (Opt in.)	那好吧，让我瞧瞧几百万吧。（接受思想。）
0x010000580001C615	Dialogue Text	WHIRLING F2 ORB / Ultraliberal Quest Initiation	You	It is but a symptom of the rapacious catastrophe that will devour us all.	这预示着贪婪的灾难将吞噬我们。
0x010000580001C61B	Dialogue Text	WHIRLING F2 ORB / Ultraliberal Quest Initiation	You	I was asleep.	我睡着了。
0x010000580001C621	Dialogue Text	WHIRLING F2 ORB / Ultraliberal Quest Initiation	You	It's pathetic -- I know. Sorry you have to hang around with me. I'll do better.	真可怜——我知道的。抱歉让你一直和我在一起。我会做得更好的。
0x010000580001C62D	Dialogue Text	WHIRLING F2 ORB / Ultraliberal Quest Initiation	Authority	That child's a common delinquent, not an artist. He probably can't even hold a paint brush.	那个小孩只是个普通的小流氓，不是艺术家。他可能连画笔都拿不起来。
0x010000580001C633	Dialogue Text	WHIRLING F2 ORB / Ultraliberal Quest Initiation	Conceptualization	He does have potential... defying authority, thinking outside the box...	可他有潜力……他能挑战权威、解放思想……
0x010000580001D851	Dialogue Text	WHIRLING F2 ORB / Ultraliberal Quest Initiation	Savoir Faire	No, you need something *real*, something you can hold on to with all your claws and teeth.	不，你需要一点*真实*的东西，一些你能用爪子抓住，牙齿咬住的东西。
0x010000580001FB13	Dialogue Text	WHIRLING F2 ORB / Ultraliberal Quest Initiation	Savoir Faire	You need to become a MILLIONAIRE. Now, how do you become a MILLIONAIRE?	你要成为百万富翁。所以，你要怎么成为百万富翁呢？
